{
  "1920803164594327676_1.jpg": {
    "count": 1,
    "last_used": 1765949736.561693
  },
  "1909184400434303335_2.jpg": {
    "count": 1,
    "last_used": 1765953466.9435792
  },
  "1917538489228485023_2.jpg": {
    "count": 1,
    "last_used": 1765956086.4560113
  },
  "1958113007470563371_1.jpg": {
    "count": 1,
    "last_used": 1765970318.405291
  },
  "1990940685382660151_1.jpg": {
    "count": 1,
    "last_used": 1765985441.4573998
  },
  "1988161278838534253_2.jpg": {
    "count": 1,
    "last_used": 1766006947.271778
  },
  "1921573553901617531_1.jpg": {
    "count": 1,
    "last_used": 1766013198.0716536
  },
  "1929097462578589862_1.jpg": {
    "count": 1,
    "last_used": 1766030339.959283
  },
  "1966423286126174295_1.jpg": {
    "count": 1,
    "last_used": 1766042449.0540907
  },
  "1988598949562011907_1.jpg": {
    "count": 1,
    "last_used": 1766056666.154407
  }
}