{
  "1920803164594327676_1.jpg": {
    "count": 1,
    "last_used": 1765949736.561693
  },
  "1909184400434303335_2.jpg": {
    "count": 1,
    "last_used": 1765953466.9435792
  },
  "1917538489228485023_2.jpg": {
    "count": 1,
    "last_used": 1765956086.4560113
  },
  "1958113007470563371_1.jpg": {
    "count": 1,
    "last_used": 1765970318.405291
  },
  "1990940685382660151_1.jpg": {
    "count": 1,
    "last_used": 1765985441.4573998
  },
  "1988161278838534253_2.jpg": {
    "count": 1,
    "last_used": 1766006947.271778
  },
  "1921573553901617531_1.jpg": {
    "count": 1,
    "last_used": 1766013198.0716536
  },
  "1929097462578589862_1.jpg": {
    "count": 1,
    "last_used": 1766030339.959283
  },
  "1966423286126174295_1.jpg": {
    "count": 1,
    "last_used": 1766042449.0540907
  },
  "1988598949562011907_1.jpg": {
    "count": 1,
    "last_used": 1766056666.154407
  },
  "1942518909632196708_1.jpg": {
    "count": 1,
    "last_used": 1766071836.2001176
  },
  "1973402650126238196_3.jpg": {
    "count": 1,
    "last_used": 1766093085.0133908
  },
  "1954523989369369004_1.jpg": {
    "count": 1,
    "last_used": 1766099652.195189
  },
  "yahoo_rt_90d65ee897b0.jpg": {
    "count": 1,
    "last_used": 1766116877.063853
  },
  "1987888872806867287_2.jpg": {
    "count": 1,
    "last_used": 1766128839.313553
  },
  "1914318727304319262_1.jpg": {
    "count": 1,
    "last_used": 1766143064.4927714
  },
  "1950863225869766799_2.jpg": {
    "count": 1,
    "last_used": 1766158220.9670522
  },
  "1920092133790462385_1.jpg": {
    "count": 1,
    "last_used": 1766179624.9313715
  },
  "1920803164594327676_2.jpg": {
    "count": 1,
    "last_used": 1766186084.5489075
  },
  "1950863225869766799_1.jpg": {
    "count": 1,
    "last_used": 1766202801.4684072
  },
  "1998344570128449991_1.jpg": {
    "count": 1,
    "last_used": 1766215023.9034305
  },
  "1951917366708965630_1.jpg": {
    "count": 1,
    "last_used": 1766229336.7848299
  },
  "1953737045563912304_1.jpg": {
    "count": 1,
    "last_used": 1766244341.6828964
  },
  "1983104276013728184_1.jpg": {
    "count": 1,
    "last_used": 1766265827.907119
  },
  "1928045023414866418_1.jpg": {
    "count": 1,
    "last_used": 1766272381.0231972
  },
  "1934978850917875861_1.jpg": {
    "count": 1,
    "last_used": 1766289854.5188227
  },
  "1946532652116258945_1.jpg": {
    "count": 1,
    "last_used": 1766301476.7639313
  },
  "1981662845088759882_1.jpg": {
    "count": 1,
    "last_used": 1766315715.9267235
  },
  "1916510827412156548_2.jpg": {
    "count": 1,
    "last_used": 1766330716.3212454
  },
  "1914876587633467420_1.jpg": {
    "count": 1,
    "last_used": 1766352314.5626853
  },
  "1970861939963367855_3.jpg": {
    "count": 1,
    "last_used": 1766358770.4164
  },
  "1924419307079192713_1.jpg": {
    "count": 1,
    "last_used": 1766376537.7670774
  },
  "1909549691261370666_1.jpg": {
    "count": 1,
    "last_used": 1766388146.5679328
  },
  "1976599797617561601_2.jpg": {
    "count": 1,
    "last_used": 1766402202.4267218
  },
  "yahoo_rt_44b36936b61f.jpg": {
    "count": 1,
    "last_used": 1766417387.4649065
  },
  "yahoo_rt_1cf6bd0a5103.jpg": {
    "count": 1,
    "last_used": 1766438804.6720362
  },
  "1947281631913336881_1.jpg": {
    "count": 1,
    "last_used": 1766445217.1763687
  },
  "1965015964006883767_1.jpg": {
    "count": 1,
    "last_used": 1766462627.9358385
  },
  "1957384910731456574_1.jpg": {
    "count": 1,
    "last_used": 1766474535.3021376
  },
  "1943292337339474352_1.jpg": {
    "count": 1,
    "last_used": 1766488690.1791124
  },
  "1973404442440405130_3.jpg": {
    "count": 1,
    "last_used": 1766503766.9516895
  },
  "1991099359082221818_2.jpg": {
    "count": 1,
    "last_used": 1766525252.6242335
  },
  "1971200159678902297_1.jpg": {
    "count": 1,
    "last_used": 1766531614.3295221
  },
  "2000570012621582617_1.jpg": {
    "count": 1,
    "last_used": 1766548920.0706167
  },
  "1983827982352576543_1.jpg": {
    "count": 1,
    "last_used": 1766560951.5835724
  },
  "1911390760982749694_1.jpg": {
    "count": 1,
    "last_used": 1766575081.492836
  },
  "1953367674265956674_1.jpg": {
    "count": 1,
    "last_used": 1766590128.030205
  },
  "1919745070355386506_2.jpg": {
    "count": 1,
    "last_used": 1766611613.3260276
  },
  "1917123559627100671_1.jpg": {
    "count": 1,
    "last_used": 1766618069.9641514
  },
  "1946837767885049985_1.jpg": {
    "count": 1,
    "last_used": 1766635465.2086039
  },
  "1988189923728630239_1.jpg": {
    "count": 1,
    "last_used": 1766647303.7875233
  },
  "1969736791482904905_1.jpg": {
    "count": 1,
    "last_used": 1766661435.500628
  },
  "1934978850917875861_2.jpg": {
    "count": 1,
    "last_used": 1766676504.3441365
  },
  "yahoo_rt_ea538090abf5.jpg": {
    "count": 1,
    "last_used": 1766698058.0270925
  },
  "1951572901871996980_1.jpg": {
    "count": 1,
    "last_used": 1766704455.1417127
  },
  "1942937960745422848_1.jpg": {
    "count": 1,
    "last_used": 1766721744.1227353
  },
  "1965581906537513165_1.jpg": {
    "count": 1,
    "last_used": 1766733687.154784
  },
  "1985679279234117781_1.jpg": {
    "count": 1,
    "last_used": 1766749590.1692402
  },
  "1987873412308680865_1.jpg": {
    "count": 1,
    "last_used": 1766784354.6704452
  }
}